use ventas2015;

/**INSERTANDO REGISTROS EN LA TABLAS**/
/*Insertando registros a la tabla Distro*/
INSERT INTO DISTRO VALUES('L01', 'CERCADO');
INSERT INTO DISTRO VALUES('L02', 'ANCON');
INSERT INTO DISTRO VALUES('L03', 'ATE');
INSERT INTO DISTRO VALUES('L04', 'BARRANCO');
INSERT INTO DISTRO VALUES('L05', 'BREÑA');
INSERT INTO DISTRO VALUES('L06', 'CARABAYLLO');
INSERT INTO DISTRO VALUES('L07', 'COMAS');
INSERT INTO DISTRO VALUES('L08', 'CHACLACAYO');
INSERT INTO DISTRO VALUES('L09', 'CHORRILLOS');
INSERT INTO DISTRO VALUES('L10', 'EL AGUSTINO');
INSERT INTO DISTRO VALUES('L11', 'JESUS MARIA');
INSERT INTO DISTRO VALUES('L12', 'LA MOLINA');
INSERT INTO DISTRO VALUES('L13', 'LA VICTORIA');
INSERT INTO DISTRO VALUES('L14', 'LINCE');
INSERT INTO DISTRO VALUES('L15', 'LURIGANCHO');
INSERT INTO DISTRO VALUES('L16', 'LURIN');
INSERT INTO DISTRO VALUES('L17', 'MAGDALENA');
INSERT INTO DISTRO VALUES('L18', 'MARIAFLORES');
INSERT INTO DISTRO VALUES('L19', 'PACHACAMAC');
INSERT INTO DISTRO VALUES('L20', 'PUCUSANA');

/*INSERTANDO REGISTROS A LA TABLA PRODUCTOS*/
INSERT INTO PRODUCTO VALUES('P0001', 'PYE DE MANZANA', 20 , 500, '2015/05/14');
INSERT INTO PRODUCTO VALUES('P0002', 'TORTA TRES LECHES', 30 , 40, '2015/06/24');
INSERT INTO PRODUCTO VALUES('P0003', 'TORTA DE CHOCOLATE', 45 , 100, '2015/07/04');
INSERT INTO PRODUCTO VALUES('P0004', 'MOUSE DE MANZANA', 35 , 70, '2015/09/06');
INSERT INTO PRODUCTO VALUES('P0005', 'ARROZ CON LECHE-ENVASE ESPECIAL', 13.50 , 40, '2015/11/04');
INSERT INTO PRODUCTO VALUES('P0006', 'MAZAMORRA MORADA', 1.50 , 70, '2015/12/04');
INSERT INTO PRODUCTO VALUES('P0007', 'YOGURT ARABE', 3 , 100, '2015/05/04');
INSERT INTO PRODUCTO VALUES('P0008', 'PAN CON POLLO', 2.00 , 500, '2015/06/05');
INSERT INTO PRODUCTO VALUES('P0009', 'BROWNIE', 3 , 300, '2015/05/04');
INSERT INTO PRODUCTO VALUES('P0010', 'BESO DE MOZA', 1 , 400, '2015/06/03');
INSERT INTO PRODUCTO VALUES('P0011', 'PYE DE LIMON', 1.70 , 100, '2015/05/02');
INSERT INTO PRODUCTO VALUES('P0012', 'TORTA DE NARANJA', 16 , 10, '2015/04/07');
INSERT INTO PRODUCTO VALUES('P0013', 'TORTA DE FRESA', 41 , 100, '2015/05/07');
INSERT INTO PRODUCTO VALUES('P0014', 'ALFAJORES', 0.30 , 400, '2015/04/06');
INSERT INTO PRODUCTO VALUES('P0015', 'CHOCOTEJAS', 2 , 100, '2015/04/14');
INSERT INTO PRODUCTO VALUES('P0016', 'SUSPIRO A LA LIMEÑA', 3.50 , 100, '2015/06/12');


/*INSERTANDO REGISTROS A LA TABLA CLIENTE*/

INSERT INTO CLIENTE VALUES('C0001','L01', 'CARLOS', 'LOPEZ', 'HURTADO', 'Calle El pino 346', '4677352', 'clopez@hotmail.com');

INSERT INTO CLIENTE VALUES('C0002', 'L06', 'FRIDA', 'QUIROZ', 'DUARTE', 'Jr. Los reyes 475', '6734732', 'fquiroz@peru.com');
INSERT INTO CLIENTE VALUES('C0003', 'L04', 'ALEJANDRO', 'TRAUCO', 'MANRIQUE', 'Jr. Huáscar 965', '4676732', 'atruco@gmail.com');
INSERT INTO CLIENTE VALUES('C0004', 'L03', 'CARlA', 'BLANCO', 'RUIZ', 'Av. Arequipa 451', '4867438', 'cblanco@hotmail.com');
INSERT INTO CLIENTE VALUES('C0005', 'L09', 'CORINA', 'MENDOZA', 'PEREZ', 'Av. Ingenieros 111', '2548965', 'cmendoza@hotmail.com');
INSERT INTO CLIENTE VALUES('C0006', 'L03', 'JORGE', 'RODAS', 'DIONICIO', 'Jr. Las Liras 456', '4789658','jrodas@gmail.com');
INSERT INTO CLIENTE VALUES('C0007', 'L11', 'ORLANDO', 'CUEVAS', 'CABANILLAS', 'Calle La Encantada 425', '5698532',  'ocuevas@peru.com');
INSERT INTO CLIENTE VALUES('C0008', 'L05', 'ANTUANE', 'RODRIGUEZ', 'ALARCON', 'Av. Dorado 347', '4589732',  'arodriguez@hotmail.com');
INSERT INTO CLIENTE VALUES('C0009', 'L19', 'MANUEL', 'SUAREZ', 'FERNANDEZ', 'Jr. Los Robles 854', '4576738',  'msuarez@gmail.com');
INSERT INTO CLIENTE VALUES('C0010', 'L14', 'JUAN', 'GUTIERREZ', 'DIAZ', 'Calle Girasoles 456', '4897421',  'jgutierrez@hotmail.com');
INSERT INTO CLIENTE VALUES('C0011', 'L19', 'CARLOS', 'COLAN', 'BARDALES', 'Av. Los Héroes 895', '3698574',  'ccolan@peru.com');
INSERT INTO CLIENTE VALUES('C0012', 'L08', 'MARTIN', 'CARRILLO', 'SALAS', 'Calle Los Huertos 844', '8965952',  'mcarrillo@gmail.com');
INSERT INTO CLIENTE VALUES('C0013', 'L17', 'JOSE', 'LAZARTE', 'LUJAN', 'Jr. Agapito 452', '1258965',  'jlazarte@gmail.com');
INSERT INTO CLIENTE VALUES('C0014', 'L20', 'VIDAL', 'ZORRILLA', 'RODRIGUEZ', 'Av. Héroes del cenepa 635', '1547894',  'vzorrilla@hotmail.com');
INSERT INTO CLIENTE VALUES('C0015', 'L03', 'GUILLERMO', 'RAMOS', 'FLORES', 'Jr. Las Almendras 211', '4587964', 'gramos@gmail.com');



/*ISERTANDO DATOS A LA TABLA BOLETA*/
INSERT INTO BOLETA VALUES(NULL,'2015/01/10','C0011');
INSERT INTO BOLETA VALUES(NULL,'2015/01/20','C0002');
INSERT INTO BOLETA VALUES(NULL,'2015/01/20','C0001');
INSERT INTO BOLETA VALUES(NULL,'2015/01/23','C0005');
INSERT INTO BOLETA VALUES(NULL,'2015/02/10','C0001');
INSERT INTO BOLETA VALUES(NULL,'2015/02/20','C0002');
INSERT INTO BOLETA VALUES(NULL,'2015/03/05','C0006');
INSERT INTO BOLETA VALUES(NULL,'2015/03/24','C0006');
INSERT INTO BOLETA VALUES(NULL,'2015/04/20','C0005');
INSERT INTO BOLETA VALUES(NULL,'2015/04/20','C0011');
INSERT INTO BOLETA VALUES(NULL,'2015/05/10','C0006');
INSERT INTO BOLETA VALUES(NULL,'2015/06/20','C0006');
INSERT INTO BOLETA VALUES(NULL,'2015/07/20','C0001');
INSERT INTO BOLETA VALUES(NULL,'2015/07/26','C0006');
INSERT INTO BOLETA VALUES(NULL,'2015/07/20','C0006');
INSERT INTO BOLETA VALUES(NULL,'2015/07/20','C0005');
INSERT INTO BOLETA VALUES(NULL,'2015/08/10','C0002');
INSERT INTO BOLETA VALUES(NULL,'2015/09/05','C0012');
INSERT INTO BOLETA VALUES(NULL,'2015/10/20','C0006');
INSERT INTO BOLETA VALUES(NULL,'2015/11/27','C0014');
INSERT INTO BOLETA VALUES(NULL,'2015/11/05','C0002');
INSERT INTO BOLETA VALUES(NULL,'2015/11/20','C0001');

/*INSERTANDO REGISTROS A LA TABLA DETALLEbOLETA*/
use ventas2015;
INSERT INTO DETALLEBOLETA VALUES(23,'P0005',10);
INSERT INTO DETALLEBOLETA VALUES(24,'P0001',20);
INSERT INTO DETALLEBOLETA VALUES(25,'P0002',20);
INSERT INTO DETALLEBOLETA VALUES(26,'P0005',10);
INSERT INTO DETALLEBOLETA VALUES(27,'P0003',15);
INSERT INTO DETALLEBOLETA VALUES(28,'P0005',19);
INSERT INTO DETALLEBOLETA VALUES(29,'P0001',19);
INSERT INTO DETALLEBOLETA VALUES(30,'P0005',15);
INSERT INTO DETALLEBOLETA VALUES(31,'P0003',11);
INSERT INTO DETALLEBOLETA VALUES(32,'P0002',15);
INSERT INTO DETALLEBOLETA VALUES(33,'P0005',10);
INSERT INTO DETALLEBOLETA VALUES(34,'P0003',19);
INSERT INTO DETALLEBOLETA VALUES(35,'P0002',11);
INSERT INTO DETALLEBOLETA VALUES(36,'P0001',10);
INSERT INTO DETALLEBOLETA VALUES(37,'P0005',11);
INSERT INTO DETALLEBOLETA VALUES(38,'P0015',12);
INSERT INTO DETALLEBOLETA VALUES(39,'P0002',11);
INSERT INTO DETALLEBOLETA VALUES(40,'P0005',15);
INSERT INTO DETALLEBOLETA VALUES(23,'P0003',19);
INSERT INTO DETALLEBOLETA VALUES(38,'P0015',15);
INSERT INTO DETALLEBOLETA VALUES(40,'P0001',8);
INSERT INTO DETALLEBOLETA VALUES(40,'P0015',10);
INSERT INTO DETALLEBOLETA VALUES(40,'P0011',5);
INSERT INTO DETALLEBOLETA VALUES(25,'P0003',12);
INSERT INTO DETALLEBOLETA VALUES(31,'P0015',15);
INSERT INTO DETALLEBOLETA VALUES(33,'P0001',21);
INSERT INTO DETALLEBOLETA VALUES(39,'P0005',21);
INSERT INTO DETALLEBOLETA VALUES(25,'P0004',12);
INSERT INTO DETALLEBOLETA VALUES(26,'P0004',15);
INSERT INTO DETALLEBOLETA VALUES(27,'P0015',30);
INSERT INTO DETALLEBOLETA VALUES(25,'P0005',30);
INSERT INTO DETALLEBOLETA VALUES(32,'P0001',30);







